{"input_dim": 142.38112265100054, "hidden_dim": 275.06620966536383, "learning_rate": 0.007388219836656221, "vocab_size": 295, "output_dim": 295}